link,price_eur,region,sqm,floor,elevator,rooms,summary
https://www.imovirtual.com/pt/anuncio/apartamento-t2-novo-a-estrear-com-1-lugar-de-estacionamento-local-ID1idbH,700000,"Alto de Santo Amaro, Alcântara, Lisboa, Lisboa",97,0,não,T2,"Apartamento T2 novo a estrear, com 1 lugar de estacionamento, local..."
https://www.imovirtual.com/pt/anuncio/apartamento-t2-novo-a-estrear-com-1-varanda-e-1-lugar-de-estaciona-ID1idbx,730000,"Alto de Santo Amaro, Alcântara, Lisboa, Lisboa",95,2,não,T2,"Apartamento T2 novo a estrear, com 1 varanda e 1 lugar de estaciona..."
https://www.imovirtual.com/pt/anuncio/t3-totalmente-remodelado-com-varanda-ampla-e-vista-para-monsanto-ben-ID1idam,599900,"Rua Engenheiro Nobre Guedes, Bairro de Santa Cruz, Benfica, Lisboa, Lisboa",93,,não,T3,T3 Totalmente Remodelado com Varanda Ampla e Vista para Monsanto – Ben
https://www.imovirtual.com/pt/anuncio/apartamento-t3-com-varanda-e-garagem-no-l-towers-em-paco-de-arcos-ID1idaj,720000,"Rua Actor António Pinheiro, Terrugem - Q.ta do Torneiro - Q.ta da Fonte, Oeiras e S. Julião da Barra, Paço de Arcos e Caxias, Oeiras, Lisboa",127,,não,T3,"Apartamento T3 com varanda e garagem no L Towers, em Paço de Arcos"
https://www.imovirtual.com/pt/anuncio/apartamento-t3-com-varanda-e-garagem-no-l-towers-em-paco-de-arcos-ID1idai,730000,"Rua Actor António Pinheiro, Terrugem - Q.ta do Torneiro - Q.ta da Fonte, Oeiras e S. Julião da Barra, Paço de Arcos e Caxias, Oeiras, Lisboa",123,,não,T3,"Apartamento T3 com varanda e garagem no L Towers, em Paço de Arcos"
https://www.imovirtual.com/pt/anuncio/apartamento-t3-com-varanda-e-garagem-no-l-towers-em-paco-de-arcos-ID1idah,690000,"Rua Actor António Pinheiro, Terrugem - Q.ta do Torneiro - Q.ta da Fonte, Oeiras e S. Julião da Barra, Paço de Arcos e Caxias, Oeiras, Lisboa",125,,não,T3,"Apartamento T3 com varanda e garagem no L Towers, em Paço de Arcos"
https://www.imovirtual.com/pt/anuncio/t3-sobralinho-otimo-estado-suite-arrecadacao-ID1i9Jg,325000,"Sobralinho, Alverca do Ribatejo e Sobralinho, Vila Franca de Xira, Lisboa",114,1,não,T3,"T3 Sobralinho, Ótimo estado, suite, arrecadação"
https://www.imovirtual.com/pt/anuncio/t2-em-condominio-com-logradouro-e-box-ID1hWxO,675000,"Amoreira, Alcabideche, Cascais, Lisboa",100,0,não,T2,T2 em condomínio com logradouro e box
https://www.imovirtual.com/pt/anuncio/t2-ramada-terraco-varanda-ID1id9v,330000,"Rua Aura Abranches, Ramada e Caneças, Odivelas, Lisboa",119,1,não,T2,T2 Ramada | Terraço | Varanda
https://www.imovirtual.com/pt/anuncio/predio-em-propriedade-total-com-4-fraccoes-de-utilizacao-independen-ID1id9e,677500,"Rua António Palha, Vila Franca de Xira, Vila Franca de Xira, Lisboa",187,,não,T9+,Prédio em Propriedade Total com 4 fracções de utilização independen...
https://www.imovirtual.com/pt/anuncio/apartamento-t2-com-vista-desafogada-em-benfica-ID1i2zX,616000,"Rua Anjos Teixeira, Alto dos Moinhos, São Domingos de Benfica, Lisboa, Lisboa",112,5,sim,T2,Apartamento T2 com Vista Desafogada em Benfica
https://www.imovirtual.com/pt/anuncio/apartamento-t2-1-totalmente-novo-ID1hXcY,299000,"Ramalhal, Torres Vedras, Lisboa",95,1,não,T2,Apartamento T2+1 TOTALMENTE NOVO
https://www.imovirtual.com/pt/anuncio/procura-espaco-e-conforto-veja-este-t4-duplex-ID1id5r,694995,"Escadinhas do Borrageiro - Bairro do Borrageiro, Ramada e Caneças, Odivelas, Lisboa",138,0,não,T4,Procura espaço e conforto? Veja este T4 Duplex
https://www.imovirtual.com/pt/anuncio/apartamento-de-4-assoalhadas-com-garagem-na-quinta-grande-em-alfragide-ID1id51,680000,"Alfragide, Amadora, Lisboa",142,,sim,T3,Apartamento de 4 assoalhadas com garagem na Quinta Grande em Alfragide
https://www.imovirtual.com/pt/anuncio/apartamento-t3-renovado-com-vista-rio-ID1ibyS,385000,"Avenida Antero de Quental - Bairro da Chepsi, Póvoa de Santa Iria, Póvoa de Santa Iria e Forte da Casa, Vila Franca de Xira, Lisboa",108,7,cozinha separada,T3,Apartamento T3 Renovado com Vista Rio
https://www.imovirtual.com/pt/anuncio/apartamento-t2-pateo-e-garagem-mem-martins-oportunidade-ID1i7XQ,395000,"Bairro de São Carlos, Algueirão-Mem Martins, Sintra, Lisboa",110,0,não,T2,Apartamento T2 - Páteo e Garagem - Mem Martins – Oportunidade!
https://www.imovirtual.com/pt/anuncio/apartamento-t4-venda-em-massama-e-monte-abraao-sintra-ID1id4M,480000,"Avenida Azedo Gneco - Massamá, Massamá, Massamá e Monte Abraão, Sintra, Lisboa",141,,sim,T4,"Apartamento T4 Venda em Massamá e Monte Abraão,Sintra"
https://www.imovirtual.com/pt/anuncio/apartamento-t3-para-venda-ID1id4I,690000,"Rua Teixeira de Pascoais, Alvalade, Alvalade, Lisboa, Lisboa",106,1,não,T3,Apartamento T3 para venda
https://www.imovirtual.com/pt/anuncio/apartamento-t2-para-venda-ID1id4H,276000,"Rua Raúl Gomes Ferreira - Parque Desportivo, Lourinhã e Atalaia, Lourinhã, Lisboa",112,3,não,T2,Apartamento T2 para venda
https://www.imovirtual.com/pt/anuncio/t3-com-suite-e-2-wc-espaco-e-conforto-para-a-sua-familia-ID1i6xb,394263,"Praceta Cidade de Brasília - Urbanização de São Marcos, São Marcos, Cacém e São Marcos, Sintra, Lisboa",110,4,sim,T3,T3 com Suíte e 2 WC | Espaço e Conforto para a Sua Família.
https://www.imovirtual.com/pt/anuncio/t3-em-construcao-com-135m2-no-bom-sucesso-alverca-do-ribatejo-ID1hVtw,475000,"Rua Ary dos Santos - Casal do Moledo, Bom Sucesso - Arcena, Alverca do Ribatejo e Sobralinho, Vila Franca de Xira, Lisboa",135,2,sim,T3,T3 Em construção com 135m2 no Bom Sucesso- Alverca do Ribatejo
https://www.imovirtual.com/pt/anuncio/t3-novo-em-construcao-no-bom-sucesso-alverca-do-ribatejo-ID1hVtE,460000,"Rua Ary dos Santos - Casal do Moledo, Bom Sucesso - Arcena, Alverca do Ribatejo e Sobralinho, Vila Franca de Xira, Lisboa",129,1,sim,T3,T3 Novo em Construção no Bom Sucesso- Alverca do Ribatejo
https://www.imovirtual.com/pt/anuncio/apartamento-t2-massama-em-remodelacao-ID1hZSY,330000,"Avenida Américo Ferrer Lopes - Massamá, Massamá, Massamá e Monte Abraão, Sintra, Lisboa",92,1,sim,T2,Apartamento T2 Massamá -  em remodelação
https://www.imovirtual.com/pt/anuncio/t4-nova-construcao-bom-sucesso-alverca-ID1hVsg,560000,"Rua Ary dos Santos - Casal do Moledo, Bom Sucesso - Arcena, Alverca do Ribatejo e Sobralinho, Vila Franca de Xira, Lisboa",176,3,sim,T4,T4 Nova Construção - Bom Sucesso Alverca
https://www.imovirtual.com/pt/anuncio/predio-habitacional-para-remodelacao-579m2-sao-pedro-da-cadeira-ID1hucV,289000,"Largo Doutor Agostinho Cardoso, São Pedro da Cadeira, Torres Vedras, Lisboa",205,3,não,T8,Prédio Habitacional para remodelação - 579m2 - São Pedro da Cadeira -
https://www.imovirtual.com/pt/anuncio/t3-com-terraco-no-lumiar-espaco-luz-e-exterior-raro-na-cidade-ID1i6Xn,690000,"Rua Professor João Cândido de Oliveira, Carriche - Hospital das Forças Armadas, Lumiar, Lisboa, Lisboa",111,,sim,T3,"T3 com terraço no Lumiar | Espaço, luz e exterior raro na cidade"
https://www.imovirtual.com/pt/anuncio/t3-totalmente-remodelado-com-terraco-privativo-ID1id4o,370000,"Largo Doutor Mário Madeira, Malveira, Malveira e São Miguel de Alcainça, Mafra, Lisboa",110,,não,T3,T3 Totalmente Remodelado com Terraço Privativo
https://www.imovirtual.com/pt/anuncio/espacoso-t3-santa-clara-ID1i44s,457700,"Rua Alberto Barbosa, Ameixoeira, Santa Clara, Lisboa, Lisboa",100,0,acessibilidade para pessoas com mobilidade reduzida,T3,Espaçoso T3 Santa Clara
https://www.imovirtual.com/pt/anuncio/apartamento-t2-novo-no-quartier-100-nas-avenidas-novas-em-lisboa-ID1hFm7,599000,"Rua da Beneficência, Entrecampos, Avenidas Novas, Lisboa, Lisboa",100,2,não,T2,"Apartamento T2, novo, no Quartier 100, nas Avenidas Novas, em Lisboa"
https://www.imovirtual.com/pt/anuncio/t4-em-construcao-bom-sucesso-alverca-ID1hVtr,560000,"Rua Ary dos Santos - Casal do Moledo, Bom Sucesso - Arcena, Alverca do Ribatejo e Sobralinho, Vila Franca de Xira, Lisboa",176,2,sim,T4,T4 em Construção - Bom sucesso - Alverca
https://www.imovirtual.com/pt/anuncio/apartamento-t2-com-piscina-no-centro-de-vila-franca-de-xira-ID1i4e0,399000,"Rua Fausto Nunes Dias, Vila Franca de Xira, Vila Franca de Xira, Lisboa",133,1,sim,T2,Apartamento T2 com piscina no centro de Vila Franca de Xira
https://www.imovirtual.com/pt/anuncio/t3-nova-construcao-bom-sucesso-alverca-ID1hVse,475000,"Rua Ary dos Santos - Casal do Moledo, Bom Sucesso - Arcena, Alverca do Ribatejo e Sobralinho, Vila Franca de Xira, Lisboa",135,4,sim,T3,T3 Nova Construção Bom Sucesso- Alverca
https://www.imovirtual.com/pt/anuncio/t3-de-170m-com-suite-e-closet-varanda-2-estacionamentos-centro-ID1hVTr,299000,"Largo Rainha Dona Leonor, Aldeia Galega da Merceana e Aldeia Gavinha, Alenquer, Lisboa",160,1,não,T3,T3 de 170m² com Suite e Closet | Varanda | 2 Estacionamentos | Centro
https://www.imovirtual.com/pt/anuncio/t4-nova-construcao-bom-sucesso-alverca-ID1hVrX,560000,"Rua Ary dos Santos - Casal do Moledo, Bom Sucesso - Arcena, Alverca do Ribatejo e Sobralinho, Vila Franca de Xira, Lisboa",176,4,sim,T4,T4 Nova Construção - Bom Sucesso- Alverca
https://www.imovirtual.com/pt/anuncio/apartamento-t4-em-santa-clara-lisboa-ID1i57R,489500,"Avenida Glicínia Quartin - Quinta do Grafanil, Ameixoeira, Santa Clara, Lisboa, Lisboa",109,4,garagem,T4,Apartamento T4 em Santa Clara - Lisboa
https://www.imovirtual.com/pt/anuncio/apartamento-t4-em-alfragide-amadora-com-vista-para-o-rio-ID1i7fo,597700,"Praceta do Miradouro, Alfragide, Amadora, Lisboa",165,3,sim,T4,"Apartamento T4 em Alfragide, Amadora com Vista para o Rio"
https://www.imovirtual.com/pt/anuncio/apartamento-em-sao-domingos-benfica-ID1i3ow,640000,"Largo Pedro Correia Marques, Alto dos Moinhos, São Domingos de Benfica, Lisboa, Lisboa",137,7,sim,T2,Apartamento em São Domingos Benfica
https://www.imovirtual.com/pt/anuncio/malveira-centro-t2-a-estrear-com-terraco-e-garagem-ID1hRfH,426000,"Malveira, Malveira e São Miguel de Alcainça, Mafra, Lisboa",100,,ar condicionado,T2,Malveira - Centro - T2 a estrear com terraço e garagem
https://www.imovirtual.com/pt/anuncio/quinta-dos-barros-alvalade-ID1i6rO,580000,"Telheiras, Lumiar, Lisboa, Lisboa",95,1,sim,T3,Quinta dos Barros/ Alvalade
https://www.imovirtual.com/pt/anuncio/ericeira-praia-s-lourenco-t2-duplex-em-cima-da-praia-piscina-s-ID1hTQn,469000,"Centro da Vila, Ericeira, Mafra, Lisboa",90,1,não,T2,ERICEIRA -PRAIA S.LOURENÇO - T2 Duplex em cima da praia - Piscina s...
https://www.imovirtual.com/pt/anuncio/t2-totalmente-remodelado-com-2-suites-em-alges-entrega-maio-2026-ID1i4ea,450000,"Calçada do Rio, Algés, Algés, Linda-a-Velha e Cruz Quebrada-Dafundo, Oeiras, Lisboa",113,0,não,T2,T2 Totalmente Remodelado com 2 Suítes em Algés | Entrega Maio 2026
https://www.imovirtual.com/pt/anuncio/exclusivo-wl-apartamento-t3-com-terraco-churrasqueira-e-vista-ma-ID1id40,530000,"Ericeira Sul, Ericeira, Mafra, Lisboa",117,0,não,T3,"EXCLUSIVO WL - Apartamento T3 com terraço, churrasqueira e VISTA MA..."
https://www.imovirtual.com/pt/anuncio/apartamento-t3-com-estacionamento-e-arrecadacao-na-ramada-ID1i0z1,440000,"Avenida da Liberdade - Jardim da Radial, Ramada e Caneças, Odivelas, Lisboa",94,2,sim,T3,"Apartamento T3, com estacionamento e arrecadação, na Ramada"
https://www.imovirtual.com/pt/anuncio/t3-duplex-4-assoalhadas-principe-real-lisboa-ID1hH9e,749000,"Rua da Palmeira, Príncipe Real - São Bento, Misericórdia, Lisboa, Lisboa",100,3,não,T3,T3 Duplex (4 assoalhadas) - Príncipe Real - Lisboa
https://www.imovirtual.com/pt/anuncio/apartamento-t3-em-paco-da-rainha-campo-martires-da-patria-ID1hVoG,629000,"Pena, Arroios, Lisboa, Lisboa",120,1,ar condicionado,T3,Apartamento T3 em Paço da Rainha / Campo Mártires da Pátria
https://www.imovirtual.com/pt/anuncio/apartamento-t3-c-terraco-na-venda-nova-amadora-ID1icBz,379000,"Rua Manuel de Matos, Venda Nova, Falagueira-Venda Nova, Amadora, Lisboa",120,0,não,T3,Apartamento T3 C/ Terraço na Venda Nova - Amadora
https://www.imovirtual.com/pt/anuncio/loja-com-projeto-aprovado-p-t2-na-parede-cascais-ID1icBw,375000,"Rua Vasco da Gama, Junqueiro, Carcavelos e Parede, Cascais, Lisboa",105,-1,sim,T2,Loja com projeto aprovado P/ T2 na Parede - Cascais
https://www.imovirtual.com/pt/anuncio/apartamento-t3-na-ajuda-ID1id34,385000,"Calçada da Ajuda, Calçada da Ajuda - Belém, Ajuda, Lisboa, Lisboa",95,1,não,T3,Apartamento T3 na Ajuda
https://www.imovirtual.com/pt/anuncio/apartamento-t3-para-venda-ID1id32,560000,"Rua Fernão Mendes Pinto - Infantado, Infantado, Loures, Loures, Lisboa",113,5,garagem,T3,Apartamento T3 para venda
https://www.imovirtual.com/pt/anuncio/apartamento-t3-para-venda-ID1id2Z,599900,"Rua José Estevão de Vasconcelos - Jardim da Radial, Ramada e Caneças, Odivelas, Lisboa",170,1,não,T3,Apartamento T3 para venda
https://www.imovirtual.com/pt/anuncio/apartamento-t2-para-venda-ID1id2P,370000,"Praceta Francisco Ferreira da Silva - Quinta da Piedade, Póvoa de Santa Iria, Póvoa de Santa Iria e Forte da Casa, Vila Franca de Xira, Lisboa",103,7,sim,T2,Apartamento T2 para venda
https://www.imovirtual.com/pt/anuncio/oportunidade-t3-em-benfica-com-otimos-acessos-ID1id2B,599900,"Bairro de Santa Cruz, Benfica, Lisboa, Lisboa",110,8,sim,T3,Oportunidade: T3 em Benfica com Ótimos Acessos
https://www.imovirtual.com/pt/anuncio/apartamento-t2-rua-carlos-george-s-n-olivais-lisboa-ID1h8Ci,640000,"Olivais Norte, Olivais, Lisboa, Lisboa",97,7,não,T2,Apartamento T2 - Rua Carlos George s/n - Olivais - Lisboa
https://www.imovirtual.com/pt/anuncio/apartamento-t3-no-empreendimento-oliving-conforto-e-modernidade-ID1hNxQ,725000,"Olivais Norte, Olivais, Lisboa, Lisboa",137,4,não,T3,Apartamento T3 no Empreendimento O'Living - Conforto e Modernidade ...
https://www.imovirtual.com/pt/anuncio/t3-com-duas-varandas-na-rua-pulido-valente-colinas-do-cruzeiro-ID1hNBP,543000,"Praça Cidade de Odivelas - Porto do Pinheiro, Odivelas, Odivelas, Lisboa",114,6,sim,T3,T3 com duas varandas na Rua Pulido Valente Colinas do Cruzeiro
https://www.imovirtual.com/pt/anuncio/apartamento-t3-com-103-m-em-arroios-excelente-oportunidade-no-ce-ID1hVhu,550000,"Alameda - Praça do Chile - Almirante Reis, Arroios, Lisboa, Lisboa",103,3,não,T3,Apartamento T3 com 103 m² em Arroios - Excelente Oportunidade no Ce...
https://www.imovirtual.com/pt/anuncio/apartamento-t3-nas-colinas-do-cruzeiro-4-parqueamentos-arrecadacao-ID1hWfz,565000,"Odivelas, Odivelas, Lisboa",118,,sim,T3,Apartamento T3 nas Colinas do Cruzeiro | 4 Parqueamentos + Arrecadação
https://www.imovirtual.com/pt/anuncio/apartamento-t3-central-com-vista-rio-ID1hKxH,450000,"Travessa das Garagens, Bobadela, Santa Iria de Azoia, São João da Talha e Bobadela, Loures, Lisboa",109,,não,T3,"Apartamento T3, central com vista rio"
https://www.imovirtual.com/pt/anuncio/fantastico-t3-na-rua-abel-manta-em-odivelas-ID1i5ak,445000,"Rua Abel Manta - Urbanização da Quinta Nova, Odivelas, Odivelas, Lisboa",123,1,garagem,T3,"Fantástico T3, Na rua Abel Manta  em Odivelas"
https://www.imovirtual.com/pt/anuncio/apartamento-97-m-santo-antonio-dos-cavaleiros-e-frielas-ID1hQy0,439000,"Rua José Monteiro da Rocha, Santo António dos Cavaleiros, Santo António dos Cavaleiros e Frielas, Loures, Lisboa",97,,sim,T2,"Apartamento, 97 m², Santo António dos Cavaleiros e Frielas"
https://www.imovirtual.com/pt/anuncio/apartamento-98-m-santo-antonio-dos-cavaleiros-e-frielas-ID1hQv6,442000,"Rua José Monteiro da Rocha, Santo António dos Cavaleiros, Santo António dos Cavaleiros e Frielas, Loures, Lisboa",98,,sim,T2,"Apartamento, 98 m², Santo António dos Cavaleiros e Frielas"
https://www.imovirtual.com/pt/anuncio/apartamento-131-m-ericeira-ID1grnd,600000,"Ericeira Norte, Ericeira, Mafra, Lisboa",131,2,não,T3,"Apartamento, 131 m², Ericeira"
https://www.imovirtual.com/pt/anuncio/apartamento-96-m-santo-antonio-dos-cavaleiros-e-frielas-ID1hQBu,435000,"Rua José Monteiro da Rocha, Santo António dos Cavaleiros, Santo António dos Cavaleiros e Frielas, Loures, Lisboa",96,,sim,T2,"Apartamento, 96 m², Santo António dos Cavaleiros e Frielas"
https://www.imovirtual.com/pt/anuncio/excelente-apartamento-t3-colinas-do-cruzeiro-ID1hXBh,565000,"Odivelas, Odivelas, Lisboa",118,5,sim,T3,Excelente Apartamento T3 - Colinas do Cruzeiro
https://www.imovirtual.com/pt/anuncio/apartamento-t3-com-boas-areas-e-optima-exposicao-solar-ID1ic6g,370000,"Casal de São Brás - Vila Chã, Mina de Água, Amadora, Lisboa",105,,sim,T3,Apartamento T3 com boas áreas e óptima exposição solar
https://www.imovirtual.com/pt/anuncio/apartamento-t3-vale-flores-mem-martins-ID1hWF9,365000,"Bairro de São Carlos, Algueirão-Mem Martins, Sintra, Lisboa",123,3,não,T3,Apartamento T3 Vale Flores Mem Martins
https://www.imovirtual.com/pt/anuncio/t2-em-condominio-alcabideche-ID1hP0r,675000,"Rua Carlos Anjos, Amoreira, Alcabideche, Cascais, Lisboa",153,,não,T2,T2 em Condomínio |  Alcabideche
https://www.imovirtual.com/pt/anuncio/apartamento-t2-com-vista-desafogada-em-alges-rua-margarida-palla-ID1hs4a,520000,"Algés, Algés, Linda-a-Velha e Cruz Quebrada-Dafundo, Oeiras, Lisboa",134,9,sim,T2,Apartamento T2 com vista desafogada em Algés - Rua Margarida Palla
https://www.imovirtual.com/pt/anuncio/apartamento-t3-com-boas-areas-em-sao-marcos-com-suite-e-lareira-ID1hVvZ,350000,"São Marcos, Cacém e São Marcos, Sintra, Lisboa",104,,sim,T3,"Apartamento T3 com boas áreas, em São Marcos, com suite e lareira"
https://www.imovirtual.com/pt/anuncio/apartamento-t3-mobilado-em-varge-mondar-rio-de-mouro-sintra-ID1icZi,380000,"Rua Joaquim Machado de Castro - Jardim das Olarias, Varge Mondar, Rio de Mouro, Sintra, Lisboa",110,3,sim,T3,"Apartamento T3 Mobilado, em Varge Mondar (Rio de Mouro, Sintra)"
https://www.imovirtual.com/pt/anuncio/apartamento-t3-terraco-contemporaneo-lourinha-ID1i2ko,525000,"Rua Dom Sancho I I, Lourinhã e Atalaia, Lourinhã, Lisboa",145,,não,T3,Apartamento T3 | Terraço | Contemporâneo | Lourinhã
https://www.imovirtual.com/pt/anuncio/apartamento-t3-novo-acabamentos-de-excelencia-lourinha-ID1i6hL,645000,"Rua Dom Sancho I I, Lourinhã e Atalaia, Lourinhã, Lisboa",138,,cozinha separada,T3,Apartamento t3 | Novo | acabamentos de excelência | Lourinhã
https://www.imovirtual.com/pt/anuncio/oportunidade-unica-de-investimento-em-odivelas-50-de-predio-em-prop-ID1hghe,380000,"Rua 8 de Junho - Bairro da Mimosa, Odivelas, Odivelas, Lisboa",178,0,não,T4,Oportunidade única de investimento em Odivelas – 50% de prédio em prop
https://www.imovirtual.com/pt/anuncio/apartamento-t3-para-venda-ID1icZw,350000,"Rua Maria Pia - Urbanização Terra das Índias, Vialonga, Vila Franca de Xira, Lisboa",101,1,garagem,T3,Apartamento T3 para venda
https://www.imovirtual.com/pt/anuncio/apartamento-t3-para-venda-ID1icZt,550000,"Rua Júlio Dinis, Portela, Moscavide e Portela, Loures, Lisboa",135,1,sim,T3,Apartamento T3 para venda
https://www.imovirtual.com/pt/anuncio/apartamento-t3-para-venda-ID1icZo,335000,"Rua das Pedrinhas, São Miguel de Alcainça, Malveira e São Miguel de Alcainça, Mafra, Lisboa",100,2,não,T3,Apartamento T3 para venda
https://www.imovirtual.com/pt/anuncio/apartamento-t2-com-amplo-terraco-de-29-m-na-serra-de-carnaxide-ID1icZd,424000,"Centro da Amadora, Venteira, Amadora, Lisboa",98,,não,T2,Apartamento T2 com amplo terraço de 29 m² na Serra de Carnaxide
https://www.imovirtual.com/pt/anuncio/t5-duplex-na-tapada-das-merces-com-225m2-com-lugar-de-parqueamento-ID1iaw1,480000,"Mercês, Algueirão-Mem Martins, Sintra, Lisboa",235,9,não,T5,T5 duplex na Tapada das Mercês com 225m2 com lugar de parqueamento
https://www.imovirtual.com/pt/anuncio/espacoso-apartamento-t4-na-prestigiada-portela-de-sacavem-ID1hzUP,587500,"Rua Vasco Santana, Portela, Moscavide e Portela, Loures, Lisboa",150,3,sim,T4,Espaçoso Apartamento T4 na Prestigiada Portela de Sacavém
https://www.imovirtual.com/pt/anuncio/excelente-t3-com-vista-vista-de-horizonte-ID14tFt,559000,"Avenida Dom António Ribeiro - Urbanização do Neudel, Damaia de Cima, Águas Livres, Amadora, Lisboa",140,6,sim,T3,Excelente T3 com vista - Vista de Horizonte
https://www.imovirtual.com/pt/anuncio/apartamento-t4-transformado-em-t3-totalmente-remodelado-ID1iaxc,740000,"Rua Doutor Henrique Martins Gomes, Centro, Lumiar, Lisboa, Lisboa",145,5,sim,T3,Apartamento T4 transformado em T3 - Totalmente remodelado
https://www.imovirtual.com/pt/anuncio/vende-se-magnifico-t3-totalmente-remodelado-em-benfica-ID1hSN2,599900,"Arneiros, Benfica, Lisboa, Lisboa",98,2,sim,T3,Vende-se magnifico T3 totalmente remodelado em Benfica
https://www.imovirtual.com/pt/anuncio/vende-se-excelente-t3-com-varanda-em-benfica-lisboa-ID1hrBM,499900,"Charquinho, Benfica, Lisboa, Lisboa",95,5,sim,T3,"Vende-se excelente T3 com varanda, em Benfica - Lisboa"
https://www.imovirtual.com/pt/anuncio/t2-na-rinchoa-rio-de-mouro-excelente-localizacao-estacionamento-ID1icW1,320000,"Rua das Murtas, Rinchoa, Rio de Mouro, Sintra, Lisboa",93,3,sim,T2,T2 na Rinchoa (Rio de Mouro) | Excelente localização | Estacionamento
https://www.imovirtual.com/pt/anuncio/apartamento-t2-novo-no-edificio-eucaliptos-ID1hJfp,390000,"Rua Ferreira Borges - Casal do Rato, Pontinha e Famões, Odivelas, Lisboa",131,0,varanda,T2,Apartamento T2 Novo no Edifício Eucaliptos
https://www.imovirtual.com/pt/anuncio/apartamento-t2-lisboa-com-patio-privativo-e-piscina-em-condominio-ID1i0VS,650000,"Socorro, Santa Maria Maior, Lisboa, Lisboa",90,0,sim,T2,Apartamento T2 Lisboa com pátio privativo e piscina em condomínio
https://www.imovirtual.com/pt/anuncio/apartamento-t4-alcabideche-ID1i7Gj,388000,"Alcoitão, Alcabideche, Cascais, Lisboa",100,2,não,T4,Apartamento T4 | Alcabideche
https://www.imovirtual.com/pt/anuncio/apartamento-t3-novo-no-edificio-eucaliptos-ID1hJfq,510000,"Rua Ferreira Borges - Casal do Rato, Pontinha e Famões, Odivelas, Lisboa",177,1,varanda,T3,Apartamento T3 Novo no Edifício Eucaliptos.
https://www.imovirtual.com/pt/anuncio/apartamento-t3-sao-joao-do-estoril-ID1i50i,470000,"Rua Sacadura Cabral, Galiza, Cascais e Estoril, Cascais, Lisboa",126,3,sim,T3,"Apartamento T3, São João do Estoril"
https://www.imovirtual.com/pt/anuncio/excelente-loft-no-beato-unico-para-obras-com-elevado-potencial-ID1hKLj,645000,"Calçada Duque de Lafões, Beato, Beato, Lisboa, Lisboa",233,,não,T2,"Excelente Loft no Beato - Único, para obras, com elevado potencial"
https://www.imovirtual.com/pt/anuncio/empreendimento-santa-cruz-ID1hZqN,25,"Rua do Astrolábio, Silveira, Torres Vedras, Lisboa",,,acessível a portadores de deficiência,,
https://www.imovirtual.com/pt/anuncio/silveira-santa-cruz-apartamento-t2-duplex-ID1hZwC,25,"Rua do Astrolábio, Silveira, Torres Vedras, Lisboa",182,2,sim,T1,"Silveira, Santa Cruz - Apartamento T2 Duplex"
https://www.imovirtual.com/pt/anuncio/silveira-santa-cruz-apartamento-t2-duplex-ID1hZux,75,"Rua do Astrolábio, Silveira, Torres Vedras, Lisboa",183,2,sim,T2,"Silveira, Santa Cruz - Apartamento T2 Duplex"
https://www.imovirtual.com/pt/anuncio/apartamento-t3-no-infantado-plaza-1a-ID19FEJ,4931,"Avenida das Descobertas - Infantado, Infantado, Loures, Loures, Lisboa",137,,não,T3,Apartamento T3 no Infantado Plaza (1ºA)
https://www.imovirtual.com/pt/anuncio/t2-na-rinchoa-rio-de-mouro-excelente-localizacao-estacionamento-ID1icUN,320000,"Albarraque, Rio de Mouro, Sintra, Lisboa",93,,não,T2,T2 na Rinchoa (Rio de Mouro) | Excelente localização | Estacionamento
https://www.imovirtual.com/pt/anuncio/apartamento-t3-com-boxe-fechada-algueirao-mem-martins-ID1icUe,393000,"Rua Domingos da Cunha - Urbanização Mem Martins Poente, Mem Martins Poente, Algueirão-Mem Martins, Sintra, Lisboa",127,,sim,T3,"Apartamento T3 com Boxe Fechada – Algueirão, Mem Martins"
https://www.imovirtual.com/pt/anuncio/apartamento-t3-com-marquises-ID1icU6,365000,"Casal de São Brás - Vila Chã, Mina de Água, Amadora, Lisboa",92,,varanda,T3,Apartamento T3 com Marquises
https://www.imovirtual.com/pt/anuncio/apartamento-t4-marvila-100m-metro-ID1icTv,480000,"Rua Manuel Teixeira Gomes - Bairro das Amendoeiras, Bairro das Amendoeiras, Marvila, Lisboa, Lisboa",120,1,não,T4,Apartamento T4 Marvila - 100m Metro
