id,url,price_eur,sqm,rooms,floor,region
58be4403ece3,https://www.immowelt.de/expose/10cf6e4b-8ff5-40d9-94e3-f0d955b5b399?serp_view=list&search=distributionTypes%3DBuy%2CBuy_Auction%2CCompulsory_Auction%26estateTypes%3DApartment%26locations%3DAD08DE8634#ln=classified_search_results&m=classified_search_results_classified_classified_detail_XL,597900,120.3,4.0,,
0837b00e8af2,https://www.immowelt.de/expose/a7d97cd7-8e32-47e7-b1d0-3ec23d9e8ae0?serp_view=list&search=distributionTypes%3DBuy%2CBuy_Auction%2CCompulsory_Auction%26estateTypes%3DApartment%26locations%3DAD08DE8634#ln=classified_search_results&m=classified_search_results_classified_classified_detail_XL,453900,103.9,3.0,,
cb47950ff1bb,https://www.immowelt.de/expose/507171a8-4142-4cf5-980e-917c0aad4d81?serp_view=list&search=distributionTypes%3DBuy%2CBuy_Auction%2CCompulsory_Auction%26estateTypes%3DApartment%26locations%3DAD08DE8634#ln=classified_search_results&m=classified_search_results_classified_classified_detail_XL,587000,120.4,4.0,,
183d950556dc,https://www.immowelt.de/expose/730446d5-beb0-47f5-9e66-834e252b7577?serp_view=list&search=distributionTypes%3DBuy%2CBuy_Auction%2CCompulsory_Auction%26estateTypes%3DApartment%26locations%3DAD08DE8634#ln=classified_search_results&m=classified_search_results_classified_classified_detail_XL,446900,100.9,3.0,,
2e85a494049e,https://www.immowelt.de/expose/b3c224fb-c8e3-4a34-b5e1-63a72d72d76a?serp_view=list&search=distributionTypes%3DBuy%2CBuy_Auction%2CCompulsory_Auction%26estateTypes%3DApartment%26locations%3DAD08DE8634#ln=classified_search_results&m=classified_search_results_classified_classified_detail_XL,499900,102.0,3.0,,
189bff9ef87c,https://www.immowelt.de/expose/1620c8ba-75d3-45b9-8566-9a925aede164?serp_view=list&search=distributionTypes%3DBuy%2CBuy_Auction%2CCompulsory_Auction%26estateTypes%3DApartment%26locations%3DAD08DE8634#ln=classified_search_results&m=classified_search_results_classified_classified_detail_XL,475900,103.9,3.0,,
b20a7fb4211a,https://www.immowelt.de/expose/9d6280b3-6528-4e09-9ae9-4650efadde50?serp_view=list&search=distributionTypes%3DBuy%2CBuy_Auction%2CCompulsory_Auction%26estateTypes%3DApartment%26locations%3DAD08DE8634#ln=classified_search_results&m=classified_search_results_classified_classified_detail_XL,202850,100.4,3.0,,Moabit
ffa8d740b021,https://www.immowelt.de/expose/63b1635a-4da4-4cac-839e-6440fc76c050?serp_view=list&search=distributionTypes%3DBuy%2CBuy_Auction%2CCompulsory_Auction%26estateTypes%3DApartment%26locations%3DAD08DE8634#ln=classified_search_results&m=classified_search_results_classified_classified_detail_XL,354500,136.9,5.0,,
970dd26d0c0d,https://www.immowelt.de/expose/2b8f4d39-2e16-4652-9153-f2eab45b7703?serp_view=list&search=distributionTypes%3DBuy%2CBuy_Auction%2CCompulsory_Auction%26estateTypes%3DApartment%26locations%3DAD08DE8634%26page%3D2#ln=classified_search_results&m=classified_search_results_classified_classified_detail_XL,525000,139.5,5.0,,Friedrichshain
b2603cd2f735,https://www.immowelt.de/expose/f7edcb26-494e-4c26-bb89-bcf9c328da88?serp_view=list&search=distributionTypes%3DBuy%2CBuy_Auction%2CCompulsory_Auction%26estateTypes%3DApartment%26locations%3DAD08DE8634%26page%3D2#ln=classified_search_results&m=classified_search_results_classified_classified_detail_XL,515900,136.9,5.0,,Friedrichshain
08f8d838ab48,https://www.immowelt.de/expose/978478d0-7e6e-4313-baad-daf26e4877ec?serp_view=list&search=distributionTypes%3DBuy%2CBuy_Auction%2CCompulsory_Auction%26estateTypes%3DApartment%26locations%3DAD08DE8634%26page%3D2#ln=classified_search_results&m=classified_search_results_classified_classified_detail_XL,504300,134.6,5.0,,Friedrichshain
99b30d3f2718,https://www.immowelt.de/expose/b591ad65-4ebd-4872-b3cd-1666ecf6e9de?serp_view=list&search=distributionTypes%3DBuy%2CBuy_Auction%2CCompulsory_Auction%26estateTypes%3DApartment%26locations%3DAD08DE8634%26page%3D2#ln=classified_search_results&m=classified_search_results_classified_classified_detail_XL,609900,113.3,3.0,,Steglitz
644034b841f9,https://www.immowelt.de/expose/e95d83a2-9175-4c96-9812-25e0979fc122?serp_view=list&search=distributionTypes%3DBuy%2CBuy_Auction%2CCompulsory_Auction%26estateTypes%3DApartment%26locations%3DAD08DE8634%26page%3D2#ln=classified_search_results&m=classified_search_results_classified_classified_detail_XL,519000,106.0,1.0,,Mitte
582a3470535c,https://www.immowelt.de/expose/a8f5cee0-ea33-42aa-aad3-c5b865d4e9e0?serp_view=list&search=distributionTypes%3DBuy%2CBuy_Auction%2CCompulsory_Auction%26estateTypes%3DApartment%26locations%3DAD08DE8634%26page%3D3#ln=classified_search_results&m=classified_search_results_classified_classified_detail_XL,625000,105.0,4.0,,Kreuzberg
1e1a22303b23,https://www.immowelt.de/expose/6fe09f75-38b9-4c25-98d4-4c203d3ee305?serp_view=list&search=distributionTypes%3DBuy%2CBuy_Auction%2CCompulsory_Auction%26estateTypes%3DApartment%26locations%3DAD08DE8634%26page%3D3#ln=classified_search_results&m=classified_search_results_classified_classified_detail_XL,571950,127.1,4.0,,Moabit
f1c7e9eeca30,https://www.immowelt.de/expose/8088373d-95ef-4f39-b542-41e7916940b7?serp_view=list&search=distributionTypes%3DBuy%2CBuy_Auction%2CCompulsory_Auction%26estateTypes%3DApartment%26locations%3DAD08DE8634%26page%3D3#ln=classified_search_results&m=classified_search_results_classified_classified_detail_XL,615000,113.9,6.0,,
cf255a08fd79,https://www.immowelt.de/expose/0fe06276-3827-4844-8f08-5bb86b89c811?serp_view=list&search=distributionTypes%3DBuy%2CBuy_Auction%2CCompulsory_Auction%26estateTypes%3DApartment%26locations%3DAD08DE8634%26page%3D4#ln=classified_search_results&m=classified_search_results_classified_classified_detail_XL,469000,126.5,4.0,,
290f574ecd12,https://www.immowelt.de/expose/4decc7bc-4102-44a1-bb6c-d4ca8cfe8a19?serp_view=list&search=distributionTypes%3DBuy%2CBuy_Auction%2CCompulsory_Auction%26estateTypes%3DApartment%26locations%3DAD08DE8634%26page%3D4#ln=classified_search_results&m=classified_search_results_classified_classified_detail_XL,539000,130.5,3.0,,
9157170b56cf,https://www.immowelt.de/expose/e3463f5e-d1b1-4f04-8844-a8832da2b450?serp_view=list&search=distributionTypes%3DBuy%2CBuy_Auction%2CCompulsory_Auction%26estateTypes%3DApartment%26locations%3DAD08DE8634%26page%3D4#ln=classified_search_results&m=classified_search_results_classified_classified_detail_XL,561900,98.6,3.0,,
2d9f1aeeb2fb,https://www.immowelt.de/expose/3612b54a-59ee-46b0-8bae-efcd0bbb61a9?serp_view=list&search=distributionTypes%3DBuy%2CBuy_Auction%2CCompulsory_Auction%26estateTypes%3DApartment%26locations%3DAD08DE8634%26page%3D5#ln=classified_search_results&m=classified_search_results_classified_classified_detail_XL,509000,96.0,3.0,,Wilmersdorf
dde71f02ff4f,https://www.immowelt.de/expose/b83e3596-42cc-4403-bd66-5405b6a39837?serp_view=list&search=distributionTypes%3DBuy%2CBuy_Auction%2CCompulsory_Auction%26estateTypes%3DApartment%26locations%3DAD08DE8634%26page%3D6#ln=classified_search_results&m=classified_search_results_classified_classified_detail_XL,657000,101.1,4.0,,Charlottenburg
9f47dec97ec6,https://www.immowelt.de/expose/2effeb6d-82e1-4515-8c2a-961220d65d60?serp_view=list&search=distributionTypes%3DBuy%2CBuy_Auction%2CCompulsory_Auction%26estateTypes%3DApartment%26locations%3DAD08DE8634%26page%3D6#ln=classified_search_results&m=classified_search_results_classified_classified_detail_XL,440000,105.0,3.0,,Zehlendorf
3ecf623af64c,https://www.immowelt.de/expose/3b116924-1e3c-45fc-8b14-ad585a9646a7?serp_view=list&search=distributionTypes%3DBuy%2CBuy_Auction%2CCompulsory_Auction%26estateTypes%3DApartment%26locations%3DAD08DE8634%26page%3D7#ln=classified_search_results&m=classified_search_results_classified_classified_detail_XL,585000,97.0,3.0,,
2ac86d879f58,https://www.immowelt.de/expose/fd843ef2-662c-4472-8734-fe485a08ee25?serp_view=list&search=distributionTypes%3DBuy%2CBuy_Auction%2CCompulsory_Auction%26estateTypes%3DApartment%26locations%3DAD08DE8634%26page%3D7#ln=classified_search_results&m=classified_search_results_classified_classified_detail_XL,615000,96.0,4.0,,Friedrichshain
66a7f17ed498,https://www.immowelt.de/expose/f20323b9-03cd-48ce-836a-c8147b15b9c4?serp_view=list&search=distributionTypes%3DBuy%2CBuy_Auction%2CCompulsory_Auction%26estateTypes%3DApartment%26locations%3DAD08DE8634%26page%3D7#ln=classified_search_results&m=classified_search_results_classified_classified_detail_XL,669000,112.6,3.0,,
ea7bd4c3786f,https://www.immowelt.de/expose/591b707a-5e2d-4477-9646-46346a4116d2?serp_view=list&search=distributionTypes%3DBuy%2CBuy_Auction%2CCompulsory_Auction%26estateTypes%3DApartment%26locations%3DAD08DE8634%26page%3D8#ln=classified_search_results&m=classified_search_results_classified_classified_detail_XL,499900,120.0,3.0,,
b4179a1bd1b7,https://www.immowelt.de/expose/4decc7bc-4102-44a1-bb6c-d4ca8cfe8a19?serp_view=list&search=distributionTypes%3DBuy%2CBuy_Auction%2CCompulsory_Auction%26estateTypes%3DApartment%26locations%3DAD08DE8634%26page%3D8#ln=classified_search_results&m=classified_search_results_classified_classified_detail_XL,539000,130.5,3.0,,
3e71e02d63d0,https://www.immowelt.de/expose/57bdcce1-2cf6-42a2-a9a8-e3fe2db3dcb3?serp_view=list&search=distributionTypes%3DBuy%2CBuy_Auction%2CCompulsory_Auction%26estateTypes%3DApartment%26locations%3DAD08DE8634%26page%3D8#ln=classified_search_results&m=classified_search_results_classified_classified_detail_XL,649000,118.5,4.0,,
197a7d8110e9,https://www.immowelt.de/expose/d23c9631-539b-46e9-964d-3fa1fd0cb780?serp_view=list&search=distributionTypes%3DBuy%2CBuy_Auction%2CCompulsory_Auction%26estateTypes%3DApartment%26locations%3DAD08DE8634%26page%3D8#ln=classified_search_results&m=classified_search_results_classified_classified_detail_XL,460000,119.0,4.0,,Köpenick
c9ae74ee49df,https://www.immowelt.de/expose/d1cb3c66-e1af-44ba-99ad-274fe91f6d3f?serp_view=list&search=distributionTypes%3DBuy%2CBuy_Auction%2CCompulsory_Auction%26estateTypes%3DApartment%26locations%3DAD08DE8634%26page%3D9#ln=classified_search_results&m=classified_search_results_classified_classified_detail_XL,399000,98.6,3.5,,
